Date,ADANIENT.NS,ADANIPORTS.NS,APOLLOHOSP.NS,ASIANPAINT.NS,AXISBANK.NS,BAJAJ-AUTO.NS,BAJAJFINSV.NS,BAJFINANCE.NS,BEL.NS,BHARTIARTL.NS,CIPLA.NS,COALINDIA.NS,DRREDDY.NS,EICHERMOT.NS,ETERNAL.NS,GRASIM.NS,HCLTECH.NS,HDFCBANK.NS,HDFCLIFE.NS,HINDALCO.NS,HINDUNILVR.NS,ICICIBANK.NS,INDIGO.NS,INFY.NS,ITC.NS,JIOFIN.NS,JSWSTEEL.NS,KOTAKBANK.NS,LT.NS,M&M.NS,MARUTI.NS,MAXHEALTH.NS,NESTLEIND.NS,NTPC.NS,ONGC.NS,POWERGRID.NS,RELIANCE.NS,SBILIFE.NS,SBIN.NS,SHRIRAMFIN.NS,SUNPHARMA.NS,TATACONSUM.NS,TATASTEEL.NS,TCS.NS,TECHM.NS,TITAN.NS,TMPV.NS,TRENT.NS,ULTRACEMCO.NS,WIPRO.NS
2025-10-01,2592.7,1422.7,7431.13,2332.16,1159.5,8626.5,2007.0,987.7,404.78,1867.6,1513.0,373.32,1244.7,7021.5,329.0,2789.7,1368.58,965.25,764.0,765.95,2516.42,1372.0,5606.0,1424.0,397.27,300.05,1146.1,412.66,3670.3,3463.4,15965.0,1113.2,1160.14,334.86,231.77,272.94,1368.7,1798.6,864.1,644.77,1625.64,1144.8,167.51,2851.53,1401.33,3408.3,,4832.0,12095.0,235.0
2025-10-03,2589.9,1419.1,7439.62,2354.13,1181.0,8679.5,2000.9,989.75,410.9,1896.7,1517.7,368.37,1248.1,6941.0,328.45,2791.4,1372.52,965.15,759.2,780.35,2525.05,1365.2,5657.0,1424.79,396.0,301.7,1161.7,420.1,3733.1,3462.0,15806.0,1069.2,1163.62,336.58,232.36,281.74,1363.4,1782.62,867.3,641.89,1620.67,1137.5,173.21,2839.5,1386.09,3453.3,,4815.7,12019.0,234.92
2025-10-06,2573.5,1400.5,7651.84,2351.13,1212.8,8792.0,2033.2,1008.9,411.5,1903.1,1513.1,366.97,1248.6,6880.0,335.1,2807.4,1396.36,973.45,763.05,776.7,2521.97,1363.4,5694.5,1453.74,392.52,306.25,1159.9,429.2,3737.0,3472.0,15998.0,1139.7,1175.35,333.73,234.46,279.02,1375.0,1768.44,874.05,667.38,1644.02,1142.1,170.06,2924.14,1424.39,3425.4,,4777.3,12055.0,236.04
2025-10-07,2542.2,1399.5,7689.79,2349.13,1186.8,8904.0,2032.6,1016.55,408.56,1929.0,1513.3,369.66,1248.5,6957.0,337.85,2808.0,1411.82,982.5,755.6,767.8,2497.57,1375.9,5664.0,1436.51,391.59,309.9,1156.8,425.38,3729.7,3492.8,16108.0,1130.7,1170.48,332.64,233.95,281.06,1384.8,1781.62,864.7,662.76,1642.43,1120.0,171.43,2909.75,1423.99,3418.2,,4686.0,12184.0,237.4
2025-10-08,2524.1,1394.3,7651.84,2324.87,1180.6,8792.0,2013.6,1023.15,401.94,1943.5,1494.6,367.17,1234.5,6902.5,341.65,2778.2,1431.32,978.7,747.3,768.2,2480.6,1370.3,5635.0,1472.46,391.54,304.65,1145.2,423.56,3729.8,3426.5,16012.0,1144.4,1174.16,328.51,230.6,277.47,1367.4,1770.44,858.25,662.86,1621.07,1120.2,171.94,2962.1,1443.09,3565.6,,4616.6,11991.0,238.12
2025-10-09,2542.4,1395.6,7684.8,2332.76,1167.4,8810.0,2014.6,1024.1,407.61,1942.0,1513.1,368.37,1246.1,6896.5,345.5,2810.6,1464.12,977.1,754.35,774.1,2497.96,1376.2,5724.5,1486.54,391.69,307.35,1175.2,428.92,3769.2,3442.9,15985.0,1155.8,1181.42,330.53,232.11,278.29,1377.8,1807.29,862.1,665.0,1647.8,1118.0,176.42,2995.86,1451.4,3550.6,,4660.9,12192.0,240.2
2025-10-10,2550.9,1409.4,7670.82,2336.55,1180.4,8946.5,2004.3,1023.85,411.75,1939.9,1561.8,369.47,1264.4,6965.0,348.3,2811.0,1472.98,980.9,747.3,773.95,2509.18,1380.3,5735.0,1492.06,394.53,308.15,1167.8,430.02,3784.0,3454.9,16265.0,1156.4,1193.06,334.32,234.92,281.21,1381.7,1807.89,880.65,661.02,1660.12,1126.5,173.86,2963.18,1442.1,3531.9,,4691.1,12281.0,242.44
2025-10-13,2527.4,1437.8,7660.83,2338.85,1189.6,9066.0,2020.4,1036.75,407.66,1954.9,1563.6,366.64,1262.4,6912.0,348.35,2798.0,1472.2,977.0,746.55,770.2,2473.36,1379.4,5787.5,1470.69,391.05,308.45,1161.4,430.42,3769.5,3459.7,16323.0,1143.3,1181.72,336.28,232.77,278.29,1375.0,1812.78,882.95,668.08,1657.63,1117.0,173.03,2942.53,1435.87,3533.6,,4681.6,12172.0,238.96
2025-10-14,2517.0,1429.0,7748.71,2314.49,1176.8,9102.5,2019.4,1019.15,400.69,1946.6,1552.3,366.06,1237.3,6887.0,347.75,2775.8,1472.89,977.15,743.55,760.1,2482.78,1384.1,5759.0,1467.44,388.65,305.6,1147.8,430.36,3744.3,3459.8,16261.0,1161.5,1169.19,331.31,233.35,279.6,1375.9,1813.68,876.95,670.36,1643.72,1118.9,170.51,2896.64,1452.79,3537.4,,4617.2,12070.0,242.17
2025-10-15,2532.8,1450.7,7815.62,2371.4,1169.6,8998.0,2084.1,1059.9,406.37,1968.5,1558.7,369.23,1232.4,6895.0,354.35,2816.8,1473.18,978.25,761.15,764.25,2499.35,1398.4,5860.5,1452.17,391.69,312.65,1160.8,429.92,3828.7,3497.2,16212.0,1155.8,1214.84,333.87,236.24,282.96,1374.3,1838.04,886.1,673.05,1644.42,1114.2,173.24,2916.78,1443.88,3549.0,390.85,4724.2,12311.0,243.91
2025-10-16,2557.6,1479.5,7823.11,2405.95,1196.3,9151.5,2090.2,1065.75,410.05,1967.4,1569.4,372.45,1240.2,6988.0,347.85,2859.8,1492.19,994.35,742.85,780.1,2541.52,1417.3,5881.0,1449.31,396.83,312.1,1172.1,441.08,3861.8,3560.8,16298.0,1175.3,1269.74,336.09,236.84,283.84,1398.3,1833.15,886.95,668.43,1648.29,1149.3,174.0,2917.66,1448.63,3640.3,396.8,4793.4,12358.0,247.42
2025-10-17,2549.4,1479.4,7891.02,2503.89,1200.2,9150.5,2083.7,1070.1,411.05,2012.0,1577.6,373.6,1255.9,7042.5,342.65,2836.2,1475.51,1002.55,745.95,772.8,2583.39,1436.6,5848.0,1419.37,403.69,309.3,1163.3,441.16,3839.4,3647.2,16401.0,1202.7,1282.58,335.6,236.21,281.79,1416.8,1841.54,889.15,671.41,1668.26,1166.0,172.22,2909.31,1432.6,3674.8,396.6,4814.4,12370.0,234.84
2025-10-20,2548.1,1467.0,7999.38,2512.08,1226.0,9124.5,2139.8,1081.0,414.73,2051.5,1639.1,375.33,1282.0,7013.5,338.15,2854.0,1484.65,1002.95,742.25,786.35,2574.16,1390.3,5934.0,1438.87,404.57,310.7,1145.2,442.76,3872.7,3599.1,16424.0,1209.6,1278.5,336.53,237.21,280.29,1466.8,1837.15,907.5,689.75,1677.7,1176.4,171.95,2961.37,1444.4,3737.2,399.75,4802.3,12346.0,235.17
2025-10-21,2549.9,1473.5,8001.38,2500.7,1237.3,9118.0,2169.1,1086.5,415.93,2043.5,1663.6,375.81,1288.7,7018.5,338.1,2870.7,1475.31,1007.7,743.7,784.95,2571.49,1382.0,5913.0,1450.2,404.38,311.8,1152.5,439.4,3888.2,3621.2,16396.0,1204.0,1280.39,336.58,236.62,280.67,1465.2,1838.44,907.85,691.04,1679.59,1174.6,172.78,2953.02,1448.7,3729.0,401.85,4791.1,12342.0,235.29
2025-10-23,2545.8,1453.1,7957.94,2498.5,1258.8,9047.0,2176.6,1094.15,416.88,2007.9,1645.1,377.3,1279.4,6884.5,328.35,2864.6,1512.94,1008.8,743.65,792.4,2581.31,1363.7,5789.0,1505.45,407.41,309.05,1138.2,445.12,3918.7,3623.6,16393.0,1211.0,1265.96,337.22,240.61,281.7,1448.4,1850.13,911.55,705.35,1678.99,1161.0,174.16,3018.33,1463.4,3772.3,405.85,4783.3,12145.0,238.15
2025-10-24,2504.2,1429.0,7827.11,2497.7,1241.9,9076.5,2159.5,1089.75,420.26,2029.3,1584.4,378.65,1283.6,6840.0,326.6,2841.3,1512.84,994.75,734.95,824.45,2496.77,1377.7,5779.0,1502.4,408.24,305.95,1141.4,437.4,3904.9,3625.0,16274.0,1184.1,1275.12,334.22,243.14,280.58,1451.6,1837.25,904.5,711.12,1688.03,1155.3,174.44,3008.51,1453.7,3714.9,403.3,4789.6,11918.0,236.86
2025-10-27,2492.8,1420.6,7835.1,2514.88,1254.1,9095.5,2170.2,1084.4,413.39,2080.1,1584.0,381.2,1284.3,6906.5,333.7,2923.9,1522.47,1002.95,737.25,840.85,2492.21,1377.6,5835.0,1504.5,412.02,305.55,1150.6,429.72,3923.8,3611.6,16388.0,1186.4,1276.11,336.33,241.53,283.06,1484.1,1900.46,922.75,715.24,1682.67,1169.9,176.66,3029.82,1462.8,3739.8,410.05,4798.7,12015.0,237.77
2025-10-28,2494.4,1417.9,7870.05,2505.39,1246.3,9057.5,2140.2,1072.75,411.8,2090.2,1568.1,376.1,1289.4,7002.5,334.6,2932.9,1511.15,1003.55,747.0,848.95,2477.62,1363.1,5809.0,1500.2,409.32,307.95,1184.2,432.16,3972.8,3579.1,16311.0,1179.7,1264.17,333.77,238.93,280.33,1486.9,1934.11,930.25,719.32,1676.11,1168.9,181.81,3003.3,1447.4,3717.0,411.5,4725.4,11931.0,236.28
2025-10-29,2537.4,1454.8,7848.08,2534.74,1248.8,9034.0,2137.0,1062.95,405.47,2100.6,1581.1,367.07,1250.9,6952.0,330.45,2958.7,1546.1,1007.85,761.3,856.25,2468.69,1370.4,5813.0,1510.4,412.95,309.75,1207.9,430.1,3958.1,3534.7,16138.0,1189.5,1266.16,341.99,243.79,287.24,1504.2,1967.66,939.75,733.98,1704.83,1177.1,185.19,3003.01,1452.2,3748.3,411.35,4780.6,11999.0,236.18
2025-10-30,2526.9,1457.9,7779.67,2519.57,1238.6,8923.0,2114.6,1052.3,408.16,2066.3,1540.1,372.55,1202.2,6889.0,329.35,2950.4,1538.65,998.15,746.6,861.35,2450.34,1362.4,5725.0,1493.8,410.15,309.8,1210.0,427.44,3987.5,3502.1,16206.0,1178.5,1273.03,339.68,242.73,283.49,1488.5,1965.67,934.35,733.78,1692.41,1176.6,184.35,2981.11,1433.8,3750.7,412.45,4744.5,12053.0,235.83
2025-10-31,2481.0,1451.5,7670.82,2506.89,1232.8,8892.5,2088.3,1042.8,424.29,2054.5,1501.3,373.46,1197.6,7007.0,317.75,2891.7,1530.41,987.3,731.85,847.85,2446.27,1345.3,5625.0,1482.3,411.72,306.8,1206.0,420.44,4030.9,3487.2,16186.0,1147.8,1264.77,331.61,243.53,280.24,1486.4,1952.99,937.0,744.36,1679.79,1165.0,182.84,3003.4,1424.4,3746.7,410.0,4694.3,11947.0,234.61
2025-11-03,2467.0,1444.7,7814.13,2508.29,1233.7,8922.5,2081.6,1043.1,420.51,2074.0,1511.5,373.36,1196.0,7023.5,322.6,2899.9,1532.4,992.65,736.0,847.2,2440.81,1346.4,5695.5,1485.5,405.45,306.8,1195.0,422.7,3980.5,3548.9,15651.0,1145.9,1259.9,329.89,245.61,280.09,1484.7,1966.87,949.7,791.63,1695.39,1197.5,182.67,2962.94,1419.8,3724.5,417.0,4713.4,11950.0,234.45
2025-11-04,2419.8,1444.4,7800.14,2482.82,1226.6,8751.0,2073.2,1057.0,413.39,2113.3,1503.3,372.62,1200.0,6930.0,313.5,2882.0,1518.1,985.25,742.45,831.4,2426.62,1336.9,5637.0,1467.9,400.51,301.9,1181.4,419.32,3924.4,3581.2,15374.0,1138.4,1258.21,325.36,240.65,271.39,1473.1,1968.76,957.6,791.68,1679.09,1179.3,179.29,2936.81,1409.2,3813.5,406.5,4660.6,11819.0,231.93
2025-11-06,2314.3,1436.8,7771.68,2598.84,1228.5,8720.5,2063.2,1041.9,407.07,2094.9,1501.5,368.28,1205.2,6806.5,305.65,2700.1,1515.42,984.65,736.05,788.4,2417.0,1320.4,5693.0,1466.7,399.14,298.1,1168.8,416.64,3881.6,3618.5,15452.0,1125.4,1259.3,321.47,239.84,262.78,1496.1,1968.06,960.75,787.7,1675.02,1190.4,177.27,2957.14,1413.6,3774.4,407.85,4679.2,11910.0,234.01
2025-11-07,2369.4,1448.3,7631.87,2609.73,1222.8,8721.5,2102.1,1066.6,412.49,2001.2,1505.7,371.09,1205.4,6886.0,306.1,2724.6,1501.52,982.3,749.25,790.4,2414.0,1343.0,5583.5,1476.8,395.76,299.3,1171.7,417.66,3882.5,3690.2,15479.0,1135.3,1255.92,323.66,240.51,264.53,1478.0,1996.13,955.85,816.35,1680.48,1167.2,181.37,2938.38,1386.7,3769.3,405.7,4627.3,11849.0,230.54
2025-11-10,2298.36,1444.9,7519.52,2646.27,1217.0,8772.0,2118.3,1085.0,415.08,2019.8,1511.5,376.37,1198.7,6866.5,301.45,2762.9,1529.42,984.5,750.7,785.2,2408.8,1348.0,5588.5,1513.5,397.23,301.95,1179.3,418.54,3918.5,3663.9,15583.0,1098.0,1256.12,323.01,239.75,265.22,1489.3,1986.54,951.15,821.1,1686.84,1142.7,181.48,2971.19,1397.8,3803.0,410.45,4283.7,11728.0,233.8
2025-11-11,2294.58,1474.4,7491.05,2653.06,1222.5,8895.0,1989.4,1005.2,425.49,2042.3,1514.9,377.81,1211.5,6873.0,305.8,2775.8,1558.71,991.7,763.9,793.75,2427.5,1358.3,5782.5,1530.3,398.5,304.9,1191.5,417.38,3955.0,3749.1,15645.0,1095.4,1261.29,324.2,237.89,264.68,1493.4,1994.53,953.3,832.3,1705.02,1156.2,181.04,2992.6,1408.0,3812.4,407.6,4315.8,11825.0,235.61
2025-11-12,2408.69,1506.9,7488.06,2765.48,1221.6,8868.0,2035.5,1013.2,422.95,2073.8,1519.3,381.46,1229.6,6879.0,308.8,2767.4,1582.54,989.5,783.1,794.4,2424.5,1358.9,5795.5,1551.7,398.65,309.5,1181.8,416.9,3954.6,3754.3,15696.0,1103.6,1271.34,324.7,242.08,264.13,1511.5,1993.93,957.15,822.5,1720.92,1162.0,178.61,3075.88,1456.1,3851.1,402.15,4375.8,11921.0,239.05
2025-11-13,2412.27,1499.0,7430.64,2874.91,1225.2,8867.5,2056.2,1005.4,418.02,2091.8,1525.8,378.2,1234.9,6855.0,297.75,2777.8,1587.0,986.65,782.2,811.95,2407.6,1385.9,5905.5,1541.8,397.37,310.7,1183.9,415.04,4002.5,3699.5,15749.0,1098.0,1268.35,324.5,239.22,266.85,1510.9,1985.14,954.0,814.0,1726.19,1154.8,176.65,3050.25,1451.4,3839.2,397.95,4326.4,11934.0,239.16
2025-11-14,2440.0,1512.7,7410.66,2901.87,1241.6,8843.0,2065.8,1018.5,425.04,2100.7,1532.1,381.9,1246.0,6695.0,303.75,2783.4,1583.13,989.6,773.7,803.65,2427.7,1373.0,5908.5,1502.8,399.77,314.9,1167.8,415.94,4004.4,3698.6,15684.0,1103.1,1264.77,325.99,241.91,268.29,1518.9,1998.12,967.85,809.3,1745.76,1157.8,174.26,3050.54,1439.2,3829.2,391.2,4391.2,11874.0,238.22
2025-11-17,2462.0,1507.6,7477.57,2883.4,1249.6,8945.5,2079.6,1026.8,422.75,2112.2,1535.6,382.79,1244.4,6799.0,309.55,2790.3,1594.85,996.55,770.25,807.15,2425.0,1379.0,5873.0,1507.6,398.74,312.0,1175.5,420.58,4027.7,3734.9,15878.0,1121.6,1263.48,327.73,242.35,270.51,1518.3,1993.23,973.35,817.9,1752.52,1178.9,173.17,3046.81,1452.8,3868.6,372.7,4404.6,11778.0,237.91
2025-11-18,2436.8,1495.0,7375.71,2906.0,1265.4,8921.0,2050.2,1013.6,419.12,2149.2,1514.5,378.94,1243.8,6814.5,306.15,2762.0,1583.73,992.45,761.8,797.15,2404.0,1373.4,5739.5,1486.4,397.52,305.95,1163.0,418.62,3999.6,3694.8,15930.0,1116.7,1258.31,325.99,241.27,271.16,1519.4,1990.53,972.45,820.2,1747.45,1154.1,172.45,3031.98,1422.0,3879.2,371.3,4374.0,11707.0,234.84
2025-11-19,2433.1,1484.2,7449.11,2893.7,1270.4,8884.5,2050.2,1005.6,421.41,2159.8,1526.8,374.1,1250.2,6896.5,306.6,2744.7,1650.64,994.6,761.1,790.95,2441.6,1383.1,5758.5,1541.1,395.27,304.45,1164.9,421.18,4019.6,3722.5,15768.0,1164.4,1272.13,324.15,243.28,272.1,1518.9,2002.02,982.75,818.05,1772.59,1162.1,173.21,3091.5,1433.9,3933.1,360.85,4358.9,11666.0,239.88
2025-11-20,2446.1,1491.1,7413.16,2859.8,1285.2,8979.5,2095.6,1028.6,421.21,2158.3,1529.2,374.7,1248.6,7125.5,306.9,2748.6,1633.57,1008.85,762.2,799.8,2428.4,1383.0,5785.5,1536.5,397.13,308.35,1170.0,419.74,4037.4,3716.7,15801.0,1168.9,1272.33,324.15,242.35,274.12,1549.1,2024.29,981.55,826.6,1765.93,1173.9,172.46,3088.65,1456.0,3902.4,359.8,4388.9,11753.0,240.06
2025-11-21,2422.3,1479.8,7381.2,2876.6,1275.8,8892.0,2052.4,1004.1,414.59,2162.7,1511.8,373.27,1243.9,7134.5,301.95,2734.8,1596.44,998.05,764.0,777.7,2433.7,1369.5,5843.5,1545.0,399.48,303.55,1140.3,417.56,4024.9,3749.6,15977.0,1181.1,1273.82,324.2,241.27,274.52,1546.6,2019.69,972.6,823.3,1768.21,1183.1,168.0,3094.35,1461.5,3904.2,362.25,4359.1,11729.0,238.34
2025-11-24,2399.2,1485.9,7344.75,2879.2,1269.0,9007.5,2030.8,994.0,402.09,2152.1,1504.0,367.69,1226.2,7258.5,301.0,2688.7,1598.82,999.15,761.65,774.65,2424.2,1368.4,5805.5,1548.0,395.27,299.85,1106.0,417.46,4013.3,3690.8,15958.0,1155.8,1262.38,321.03,240.1,272.74,1535.9,2012.0,970.6,828.2,1769.31,1186.0,165.36,3085.12,1494.7,3874.3,358.3,4310.9,11584.0,241.05
2025-11-25,2332.9,1483.9,7320.78,2875.8,1266.3,9048.0,2030.2,986.2,408.51,2161.6,1507.5,365.22,1236.1,7218.5,302.3,2686.8,1589.58,989.8,766.55,789.35,2414.1,1357.8,5775.0,1530.6,392.57,300.8,1112.0,413.98,3996.7,3669.3,15889.0,1158.1,1256.42,321.27,239.71,270.41,1539.7,2028.18,983.6,838.25,1765.33,1177.7,166.33,3063.51,1494.7,3855.1,352.45,4243.9,11580.0,239.46
2025-11-26,2315.0,1506.2,7383.2,2874.0,1290.2,9164.0,2085.1,1010.7,413.54,2126.8,1523.8,372.43,1248.0,7198.5,306.85,2744.0,1606.26,1003.9,787.55,800.8,2425.2,1375.0,5913.0,1557.9,394.04,308.0,1154.4,420.76,4062.0,3686.4,16156.0,1162.6,1269.94,323.66,242.01,272.0,1569.9,2026.28,983.9,856.6,1793.25,1185.3,169.67,3106.43,1520.4,3897.7,359.25,4292.4,11759.0,243.89
2025-11-27,2255.0,1509.1,7312.79,2879.1,1287.3,9022.5,2103.2,1033.8,411.3,2115.6,1525.2,373.12,1249.3,6999.0,302.75,2740.0,1617.28,1009.5,777.8,807.55,2451.7,1392.2,5919.0,1566.4,396.0,306.45,1160.6,422.04,4081.3,3681.2,15903.0,1161.8,1259.6,324.9,238.39,270.66,1563.4,2001.72,972.85,867.65,1798.62,1177.7,168.13,3080.6,1509.8,3903.3,357.8,4266.1,11617.0,243.28
2025-11-28,2280.2,1516.9,7325.77,2874.4,1279.7,9073.5,2094.0,1037.5,410.0,2101.6,1531.3,371.24,1258.8,7053.5,300.1,2739.4,1612.52,1007.6,764.3,808.4,2466.6,1388.8,5901.5,1560.1,395.95,306.2,1160.3,424.88,4069.6,3757.3,15900.0,1162.8,1254.33,324.0,237.66,266.95,1567.5,1963.27,979.0,851.65,1819.78,1172.4,167.96,3081.48,1517.3,3907.7,356.8,4250.4,11600.0,243.25
2025-12-01,2262.0,1530.5,7277.84,2867.6,1275.7,9096.0,2081.8,1021.1,415.48,2089.7,1523.1,374.7,1260.1,7125.5,301.5,2731.5,1631.08,1002.1,766.75,810.8,2464.5,1390.1,5794.0,1564.0,395.95,304.75,1168.4,429.52,4073.2,3741.6,16097.0,1125.4,1253.83,324.65,239.2,266.66,1566.1,1968.86,973.1,851.55,1795.74,1163.8,168.63,3077.46,1529.5,3894.9,363.8,4215.9,11662.0,243.98
2025-12-02,2239.6,1518.1,7232.4,2954.4,1258.0,9085.5,2065.9,1025.5,411.3,2104.0,1516.6,374.01,1275.2,7112.5,300.55,2735.0,1623.74,989.8,759.0,806.85,2477.8,1373.0,5697.5,1561.0,392.72,304.85,1162.0,428.48,4030.5,3716.5,16239.0,1117.5,1252.14,326.14,237.94,264.48,1546.3,1978.75,967.3,843.4,1787.89,1162.2,167.78,3079.71,1536.7,3885.8,361.75,4226.5,11666.0,243.87
2025-12-03,2189.8,1497.7,7174.48,2953.5,1270.7,9000.5,2046.0,1021.4,402.24,2086.0,1508.0,370.35,1280.7,7081.5,297.75,2720.3,1628.7,1000.5,751.95,816.3,2448.0,1391.5,5595.5,1578.7,392.28,301.0,1143.6,429.22,3988.0,3649.4,16082.0,1086.0,1235.23,320.53,234.5,265.47,1538.8,1970.06,951.05,828.1,1795.04,1140.0,166.92,3123.22,1541.7,3817.8,356.85,4188.2,11591.0,248.28
2025-12-04,2217.9,1505.6,7191.45,2957.2,1280.0,9085.0,2049.2,1029.1,405.42,2103.8,1521.0,374.1,1277.6,7100.0,295.75,2730.4,1642.7,997.2,760.8,810.8,2462.2,1386.7,5436.5,1597.6,394.78,302.25,1150.6,427.08,3983.6,3671.6,15994.0,1083.9,1235.73,320.53,236.66,266.11,1535.6,2000.12,948.1,828.15,1806.56,1148.4,166.77,3171.54,1562.3,3800.4,356.45,4215.8,11608.0,250.46
2025-12-05,2265.4,1509.4,7179.97,2968.5,1282.5,9109.0,2096.5,1048.0,405.18,2108.8,1520.8,374.99,1275.2,7208.0,292.4,2747.0,1670.9,1003.3,768.3,823.25,2338.6,1392.5,5370.5,1616.2,396.64,303.75,1162.2,430.98,4038.2,3717.1,16282.0,1097.4,1240.2,320.88,235.68,266.8,1540.6,2020.89,971.5,854.9,1793.65,1162.9,167.11,3180.38,1570.8,3813.3,353.6,4183.1,11597.0,253.37
2025-12-08,2216.2,1480.5,7086.59,2928.3,1273.8,9026.0,2059.2,1026.4,384.76,2086.2,1497.6,372.43,1266.5,7142.0,285.25,2744.2,1676.46,1003.1,764.05,819.45,2314.0,1389.6,4923.5,1610.8,394.04,297.2,1119.1,426.32,3996.7,3681.7,16187.0,1079.4,1208.28,317.11,233.04,262.26,1543.0,2017.89,956.4,834.25,1784.61,1145.8,163.47,3178.71,1591.8,3767.0,348.3,4090.5,11540.0,254.8
2025-12-09,2245.2,1497.2,7081.6,2796.0,1275.9,8961.0,2069.5,1016.7,387.8,2089.7,1490.6,374.4,1246.2,7123.0,291.7,2746.0,1645.68,997.1,762.9,812.9,2306.5,1375.2,4967.5,1599.0,392.82,293.2,1107.8,425.54,3997.5,3635.9,16020.0,1074.7,1209.27,317.45,234.33,261.61,1529.4,2003.41,959.35,846.7,1764.54,1146.7,160.67,3151.02,1561.6,3849.0,344.7,4085.4,11414.0,250.93
2025-12-10,2211.6,1498.1,7009.19,2804.5,1278.6,8991.0,2065.8,1010.3,385.71,2067.0,1490.9,377.16,1250.8,7228.5,283.25,2746.8,1654.02,989.8,771.05,821.75,2301.7,1363.6,4805.5,1584.8,394.87,290.85,1096.8,425.9,3991.3,3630.0,16019.0,1077.1,1202.81,319.19,233.79,262.55,1536.9,2011.7,959.75,837.25,1773.98,1140.1,162.23,3132.26,1550.8,3845.7,343.4,4018.3,11317.0,251.49
2025-12-11,2277.7,1504.0,7000.21,2779.4,1272.7,9053.5,2065.8,1006.4,385.86,2053.2,1512.3,378.99,1273.5,7256.0,290.95,2797.8,1660.37,1000.3,775.2,824.35,2305.6,1360.0,4819.0,1598.0,394.63,298.45,1105.4,436.04,4003.9,3665.2,16248.0,1087.9,1208.48,320.18,232.93,261.86,1545.0,2004.11,963.25,847.15,1795.54,1142.1,166.38,3134.91,1568.2,3844.8,346.65,4047.5,11472.0,252.73
2025-12-12,2282.4,1522.8,7091.58,2764.8,1286.1,9015.0,2083.1,1017.3,387.8,2083.4,1517.4,378.35,1279.3,7229.0,298.05,2836.7,1661.17,1001.5,777.5,852.1,2260.6,1366.0,4860.5,1598.2,391.89,300.75,1125.5,435.32,4074.1,3679.6,16522.0,1081.3,1231.65,322.61,232.55,260.67,1556.5,2023.09,963.15,848.0,1781.92,1149.3,171.89,3163.0,1578.4,3880.2,347.45,4075.4,11723.0,254.04
2025-12-15,2278.9,1512.6,7077.1,2780.2,1284.8,8940.0,2070.5,1012.7,389.09,2069.7,1508.0,379.43,1280.6,7121.5,298.45,2821.0,1671.89,996.1,772.7,847.85,2293.5,1365.2,4965.5,1606.8,394.04,299.6,1114.8,436.26,4092.3,3608.0,16415.0,1085.4,1236.82,321.52,229.94,259.29,1556.2,2032.08,967.25,855.35,1785.5,1157.4,172.87,3172.53,1575.4,3866.2,347.15,4109.0,11728.0,255.15
2025-12-16,2247.9,1499.0,7042.15,2790.9,1219.6,9008.0,2035.2,998.4,386.36,2102.0,1499.6,376.62,1276.9,7061.5,284.45,2799.1,1639.82,994.3,764.35,837.15,2281.1,1366.0,4974.0,1592.9,393.45,295.25,1082.6,436.48,4063.8,3621.0,16354.0,1073.0,1233.94,318.59,226.87,257.46,1542.3,2033.17,961.15,848.4,1769.8,1169.9,169.83,3147.88,1578.2,3929.5,345.45,4108.7,11528.0,252.7
2025-12-17,2232.5,1486.3,6912.32,2785.7,1224.7,8895.0,2021.2,999.6,383.97,2108.0,1496.9,379.73,1272.0,7134.5,284.45,2806.6,1643.1,984.0,753.5,848.8,2275.6,1352.4,4980.5,1602.0,391.59,293.15,1079.3,434.64,4062.4,3612.8,16398.0,1031.1,1227.97,318.84,227.56,258.2,1544.4,2007.41,975.85,864.2,1781.33,1179.8,170.34,3160.35,1579.4,3907.9,346.35,4045.2,11540.0,254.57
2025-12-18,2229.3,1495.7,6909.33,2759.7,1229.8,8831.0,2026.3,1000.3,381.82,2092.0,1498.9,380.27,1280.0,7106.5,284.75,2807.6,1649.45,979.7,757.0,856.7,2265.5,1356.8,5115.5,1626.8,392.18,292.3,1082.2,432.92,4031.1,3586.6,16329.0,1048.5,1226.88,316.11,226.67,255.09,1544.4,2011.6,977.55,869.45,1734.63,1171.5,168.12,3222.22,1605.6,3919.3,345.8,4030.0,11461.0,257.21
2025-12-19,2239.0,1496.4,7003.2,2799.9,1230.6,9002.0,2043.8,1008.3,391.18,2097.7,1517.1,380.57,1278.2,7217.0,286.05,2812.5,1630.59,985.5,766.45,852.0,2280.0,1354.1,5153.5,1638.7,392.82,296.95,1079.6,431.9,4073.5,3603.6,16414.0,1075.8,1237.72,317.5,227.54,260.53,1565.1,2025.58,980.3,901.7,1733.64,1184.0,168.69,3223.4,1612.5,3930.1,352.65,4062.2,11496.0,257.79
2025-12-22,2263.5,1508.7,7044.65,2807.6,1233.2,9164.0,2049.8,1007.8,397.26,2147.6,1512.9,381.21,1283.4,7291.5,286.7,2809.7,1658.29,987.7,761.8,864.55,2289.5,1368.5,5145.5,1689.6,394.43,298.75,1094.9,429.94,4072.4,3616.7,16649.0,1077.6,1250.45,318.3,228.8,262.06,1575.4,2019.49,974.3,934.85,1758.38,1178.8,169.22,3265.54,1646.7,3933.8,359.15,4206.8,11532.0,265.81
2025-12-23,2248.8,1493.6,7064.12,2807.8,1225.0,9099.0,2047.6,1011.4,397.71,2122.9,1500.7,395.18,1283.5,7303.0,284.35,2829.8,1667.82,996.6,763.95,863.85,2302.6,1363.0,5157.0,1668.3,398.99,298.7,1096.8,432.54,4058.8,3625.1,16585.0,1075.2,1249.75,320.83,230.08,264.04,1570.7,2021.99,971.9,957.8,1744.57,1185.6,170.9,3250.9,1633.0,3925.8,363.25,4189.4,11678.0,264.57
2025-12-24,2222.7,1494.3,7162.49,2785.5,1226.3,9170.0,2035.7,1011.7,398.3,2123.7,1496.3,397.1,1265.8,7312.5,284.85,2826.9,1662.66,997.2,755.35,864.45,2282.2,1359.8,5081.5,1663.4,398.25,298.9,1091.3,432.74,4053.6,3636.7,16703.0,1081.4,1252.94,320.13,228.4,265.07,1558.2,2022.59,968.95,973.7,1725.79,1179.2,170.07,3259.74,1631.5,3909.3,359.2,4289.6,11764.0,261.31
2025-12-26,2229.9,1487.1,7146.51,2746.5,1228.2,9064.5,2017.6,1000.0,396.76,2105.4,1506.0,396.9,1269.3,7324.0,281.75,2817.7,1648.95,992.1,748.45,872.9,2285.4,1350.4,5074.0,1656.1,395.85,296.95,1094.4,432.84,4047.3,3623.1,16596.0,1074.3,1265.77,321.67,229.14,262.5,1559.2,2016.3,966.3,960.25,1708.4,1175.7,169.12,3221.44,1612.3,3992.0,358.8,4285.3,11794.0,259.6
2025-12-29,2203.2,1454.4,7075.11,2775.4,1232.0,9087.0,2012.1,998.0,391.58,2081.6,1494.0,395.42,1268.6,7272.0,282.85,2842.4,1619.07,991.7,746.45,865.0,2293.3,1343.3,5085.5,1644.7,394.34,293.95,1092.6,431.72,4038.7,3592.1,16542.0,1064.1,1273.13,323.06,229.42,257.71,1545.6,2007.01,965.05,955.5,1706.12,1195.2,172.3,3193.45,1612.4,3983.7,358.6,4226.0,11799.0,257.59
2025-12-30,2214.7,1461.2,6980.73,2758.3,1246.0,9282.0,2026.4,989.3,391.63,2099.8,1492.5,392.81,1265.8,7192.5,277.1,2841.7,1603.58,990.9,743.0,884.15,2290.2,1342.5,5018.0,1621.6,392.38,292.5,1111.6,430.54,4052.0,3660.3,16647.0,1040.8,1267.26,322.47,229.28,257.46,1539.8,1992.73,973.45,979.4,1709.1,1179.0,175.8,3188.83,1604.6,3974.1,361.75,4207.7,11705.0,257.01
2025-12-31,2239.7,1469.8,7033.16,2769.5,1269.4,9343.0,2039.9,986.8,397.91,2105.6,1511.3,393.79,1271.4,7312.5,278.05,2829.0,1611.63,991.2,749.85,886.7,2315.9,1342.9,5059.5,1615.4,394.73,294.95,1164.8,440.22,4083.5,3709.2,16697.0,1045.1,1281.08,327.08,234.85,261.66,1570.4,2032.08,982.2,996.2,1708.6,1192.0,180.08,3148.96,1590.9,4051.5,367.35,4279.0,11784.0,256.65
2026-01-01,2260.0,1481.1,7102.07,2752.0,1274.4,9558.0,2037.0,973.1,396.01,2110.4,1500.9,395.23,1253.4,7348.0,283.8,2851.7,1622.74,991.15,750.1,894.95,2323.0,1338.0,5110.5,1629.8,356.38,295.7,1171.5,443.56,4140.4,3761.0,16708.0,1049.4,1288.05,333.78,232.47,263.84,1575.6,2037.57,984.75,1019.7,1709.99,1176.9,181.89,3169.78,1607.7,4049.3,367.55,4297.4,11901.0,260.62
2026-01-02,2279.8,1489.5,7120.05,2772.6,1266.9,9502.5,2038.4,990.45,401.44,2106.3,1511.6,422.32,1256.1,7334.5,284.15,2856.4,1628.4,1001.6,754.85,925.7,2348.0,1355.4,5106.0,1640.4,342.86,301.7,1180.7,439.02,4163.4,3802.4,16960.0,1062.6,1272.83,349.46,235.91,267.94,1592.3,2064.53,998.95,1010.35,1716.85,1170.7,182.88,3192.66,1612.0,4051.7,370.35,4409.6,11899.0,262.23
2026-01-05,2279.5,1493.0,7073.61,2815.6,1285.8,9497.5,2039.2,978.75,412.05,2105.0,1519.8,421.87,1250.0,7482.5,281.8,2848.9,1596.04,977.5,759.3,931.7,2384.1,1371.5,5102.5,1606.4,342.52,300.4,1185.9,438.18,4150.4,3790.3,17155.0,1050.5,1307.54,347.97,232.62,268.63,1578.1,2072.72,1005.55,1003.35,1717.74,1182.1,185.72,3158.68,1596.9,4079.7,373.55,4429.8,12087.0,256.67
2026-01-06,2259.1,1473.2,7338.26,2845.8,1293.8,9661.0,2044.6,977.35,411.35,2105.3,1530.8,421.48,1256.2,7522.5,279.05,2865.3,1604.68,962.2,777.85,942.25,2424.7,1411.2,5002.5,1612.2,335.42,298.55,1176.3,429.28,4140.6,3785.6,17292.0,1051.6,1312.81,348.17,236.33,265.57,1507.6,2092.89,1018.9,1002.65,1748.84,1210.4,186.2,3197.67,1601.8,4111.8,368.9,4047.6,12204.0,258.92
2026-01-07,2274.1,1465.3,7437.63,2809.4,1295.5,9789.5,2031.9,968.8,413.89,2084.2,1467.9,426.02,1242.8,7582.5,280.95,2837.1,1635.85,949.05,772.35,938.45,2399.4,1427.7,4951.0,1639.0,334.25,303.5,1189.8,428.8,4157.0,3748.8,16809.0,1034.7,1307.74,346.24,233.56,261.17,1504.2,2067.93,1007.15,995.85,1771.1,1212.6,183.8,3236.76,1625.2,4273.2,363.35,4060.5,12184.0,263.98
2026-01-08,2214.0,1465.2,7354.74,2786.5,1286.8,9760.5,2008.9,971.95,413.89,2066.3,1460.6,419.7,1206.9,7551.0,283.55,2792.0,1634.86,946.7,758.15,903.95,2386.7,1435.0,4906.5,1613.3,333.9,293.55,1155.9,426.6,4028.4,3724.0,16664.0,1029.8,1299.88,341.82,226.1,256.42,1470.6,2080.01,998.0,992.9,1749.34,1197.4,180.12,3146.7,1577.9,4249.0,359.45,3990.4,12064.0,255.6
2026-01-09,2153.7,1435.9,7246.88,2825.5,1272.0,9562.5,1992.4,959.6,416.88,2027.1,1465.7,412.89,1210.1,7507.0,284.35,2776.9,1649.45,939.0,749.9,900.95,2372.6,1404.3,4844.0,1614.1,330.23,287.25,1158.8,425.36,4025.2,3677.3,16501.0,1017.2,1292.12,333.48,228.71,255.14,1475.3,2067.13,1000.5,975.4,1718.74,1175.9,178.4,3150.53,1582.2,4201.8,354.15,3972.9,11937.0,255.36
2026-01-12,2171.6,1443.5,7258.86,2896.4,1274.2,9491.0,1998.9,951.9,415.93,2044.0,1465.2,426.66,1215.5,7436.0,285.25,2806.7,1655.61,936.95,754.65,920.15,2406.2,1413.1,4850.0,1595.9,331.45,288.25,1182.7,426.66,4019.0,3682.0,16582.0,1013.7,1305.35,334.92,230.29,255.68,1483.2,2095.09,1015.15,972.8,1724.8,1192.3,183.24,3181.76,1586.1,4231.6,350.55,4056.4,12098.0,256.48
2026-01-13,2158.5,1428.6,7301.81,2886.3,1262.0,9554.0,2011.2,949.0,411.95,2026.9,1448.3,423.3,1191.3,7404.0,294.55,2774.2,1653.03,937.35,748.5,936.3,2389.5,1437.0,4759.5,1599.0,327.83,284.6,1178.1,426.52,3887.4,3661.5,16426.0,1028.2,1311.62,335.37,238.18,255.93,1452.8,2079.51,1028.45,979.05,1717.54,1189.4,182.57,3209.65,1614.8,4239.2,349.75,3921.9,12044.0,257.55
2026-01-14,2153.3,1430.0,7262.86,2813.9,1298.8,9579.5,2000.9,945.95,415.83,2022.5,1434.5,426.56,1186.5,7358.0,299.25,2795.8,1656.5,925.45,743.2,955.35,2353.5,1418.4,4733.0,1599.8,327.88,287.0,1181.8,421.0,3865.8,3649.5,16152.0,1033.6,1300.08,346.48,242.52,255.48,1458.8,2065.93,1028.35,981.1,1689.72,1171.4,189.25,3135.5,1588.5,4221.5,349.8,3932.2,12255.0,253.65
2026-01-15,2153.3,1430.0,7262.86,2813.9,1298.8,9579.5,2000.9,945.95,415.83,2022.5,1434.5,426.56,1186.5,7358.0,,2795.8,1656.5,925.45,743.2,955.35,2353.5,1418.4,4733.0,1599.8,327.88,,1181.8,421.0,3865.8,3649.5,16152.0,1033.6,1300.08,346.48,242.52,255.48,1458.8,2065.93,1028.35,981.1,1689.72,1171.4,189.25,3135.5,1588.5,4221.5,,3932.2,12255.0,253.65
2026-01-16,2157.3,1421.9,7225.91,2756.9,1294.2,9489.0,2002.5,950.25,408.51,2016.4,1397.5,425.38,1175.5,7315.0,287.7,2809.6,1698.0,931.1,732.55,934.65,2360.4,1410.8,4740.0,1689.8,322.44,278.8,1187.3,418.2,3856.4,3658.2,15859.0,1037.0,1308.83,343.75,241.49,254.44,1457.9,2078.11,1042.3,995.45,1658.13,1189.1,188.21,3206.7,1670.5,4196.9,353.6,3899.7,12378.0,260.72
2026-01-19,2134.6,1403.0,7123.54,2754.0,1307.5,9429.5,2017.8,969.45,411.05,2010.0,1392.3,424.54,1167.2,7323.5,281.35,2780.0,1716.8,927.9,736.8,939.95,2413.9,1380.6,4941.5,1681.2,326.36,275.65,1184.1,426.9,3869.8,3657.4,16176.0,1013.6,1308.54,340.78,237.52,254.79,1413.6,2070.82,1038.4,1010.35,1664.59,1180.2,188.27,3163.6,1718.3,4144.1,344.0,3945.6,12297.0,239.76
2026-01-20,2055.1,1367.6,6903.33,2675.6,1293.5,9180.0,1958.7,933.2,407.61,1996.0,1378.4,409.88,1166.7,7173.5,269.6,2713.6,1687.3,931.2,732.1,928.1,2379.1,1375.8,4790.0,1658.9,319.6,265.5,1160.0,423.8,3810.5,3557.5,15879.0,992.9,1288.74,336.21,234.86,251.23,1394.0,2046.26,1036.4,987.5,1603.38,1185.0,183.56,3102.3,1678.5,4075.5,337.85,3836.1,12059.0,233.86
2026-01-21,2032.2,1378.6,6817.45,2661.1,1284.9,9179.0,1959.9,936.25,400.94,1996.1,1369.6,408.65,1157.2,7140.0,283.5,2735.6,1682.5,920.35,724.35,939.2,2368.0,1349.0,4857.5,1654.4,318.08,263.25,1174.6,421.6,3766.5,3553.3,15770.0,1004.2,1276.31,336.16,236.8,252.96,1404.6,2052.55,1028.65,986.0,1602.49,1163.6,184.41,3122.6,1686.7,4079.2,339.25,3764.4,12231.0,233.52
2026-01-22,2086.4,1414.2,6787.99,2703.8,1294.8,9370.0,1993.1,942.85,415.53,2002.2,1370.4,417.68,1217.5,7049.0,275.9,2787.6,1703.1,918.7,725.1,944.45,2390.6,1345.5,4909.0,1663.5,318.18,262.6,1184.4,426.0,3793.8,3573.7,15765.0,998.8,1298.99,339.88,238.4,256.37,1402.5,2019.19,1048.35,1005.5,1623.65,1175.2,189.1,3150.4,1687.4,4018.6,347.3,3803.8,12364.0,234.59
2026-01-23,1864.2,1308.4,6793.98,2703.7,1258.0,9413.5,1949.0,927.85,408.96,1984.7,1315.0,412.94,1235.6,6973.0,258.7,2759.0,1707.0,916.1,712.1,950.3,2409.5,1343.4,4704.5,1670.8,316.76,252.9,1170.0,422.8,3743.8,3543.4,15469.0,991.4,1286.85,334.18,239.83,251.33,1386.1,1999.82,1029.5,1003.55,1621.37,1153.5,187.61,3162.5,1701.1,4021.8,344.45,3755.9,12369.0,232.4
2026-01-27,1959.5,1363.9,6784.49,2622.8,1315.8,9492.0,1917.7,914.7,414.19,1973.4,1313.0,417.38,1239.8,7164.5,253.85,2856.2,1720.2,926.4,720.05,961.85,2400.9,1361.4,4769.0,1682.7,312.11,256.05,1222.0,408.7,3787.8,3393.5,15245.0,975.5,1296.3,342.12,242.25,251.53,1380.5,2035.37,1053.15,1001.05,1628.32,1187.4,192.28,3158.0,1745.1,3997.0,340.55,3795.1,12589.0,234.8
2026-01-28,1994.7,1381.9,6868.38,2511.8,1319.8,9433.5,1940.3,935.15,451.08,1957.7,1328.4,438.26,1222.5,7071.0,266.3,2839.1,1729.6,932.7,728.6,998.2,2378.4,1367.7,4749.0,1666.5,314.56,255.2,1218.7,412.4,3794.0,3449.2,14877.0,958.6,1285.46,345.44,262.41,256.92,1396.7,2050.35,1063.5,1018.8,1600.21,1131.8,193.85,3200.1,1762.9,3975.2,340.45,3864.0,12767.0,237.35
2026-01-29,2019.2,1417.8,6791.98,2416.0,1363.7,9512.0,1948.1,935.15,442.62,1967.9,1320.9,449.8,1208.9,7056.5,275.35,2831.7,1721.6,935.5,727.1,1024.05,2352.6,1383.6,4621.0,1659.5,312.06,254.5,1237.5,412.4,3932.9,3384.4,14502.0,952.6,1280.98,355.47,269.06,257.61,1391.0,1993.53,1066.2,1022.8,1579.04,1107.2,202.32,3144.4,1768.4,3939.7,351.8,3823.8,12717.0,239.8
2026-01-30,2020.4,1419.8,6951.27,2428.3,1370.4,9597.5,1952.6,929.85,447.1,1968.7,1324.0,435.0,1218.1,7122.5,273.6,2819.0,1695.6,929.25,731.0,962.6,2373.0,1355.0,4596.5,1641.0,315.54,254.5,1214.4,408.0,3932.3,3431.8,14599.0,956.8,1325.24,353.33,262.78,253.65,1395.4,1995.73,1077.15,1020.0,1585.0,1133.9,193.13,3123.9,1743.1,3977.4,350.05,3785.5,12694.0,236.9
2026-02-02,1995.4,1403.1,6924.31,2402.0,1311.5,9496.5,1930.1,903.7,437.24,1965.4,1311.6,417.97,1182.5,6985.5,272.65,2774.6,1676.8,928.1,717.5,930.5,2357.3,1352.8,4687.0,1629.4,308.24,244.1,1199.2,408.2,3921.3,3463.2,14384.0,958.1,1301.27,347.72,248.11,267.4,1390.4,1998.22,1028.7,962.1,1617.39,1125.4,188.51,3169.6,1724.0,3953.2,362.9,3720.9,12535.0,242.3
2026-02-03,2202.6,1530.8,7079.1,2426.0,1356.2,9595.5,2012.7,964.4,437.09,1997.3,1322.8,423.8,1235.4,7215.0,279.8,2808.9,1695.3,948.7,720.15,955.3,2368.6,1389.7,4946.2,1656.0,310.15,263.9,1229.4,415.8,4038.8,3527.9,14782.0,1003.5,1300.98,355.86,251.09,280.06,1437.1,1999.32,1064.2,1000.4,1691.11,1155.4,192.93,3225.3,1716.5,4068.6,372.05,3822.8,12590.0,242.69
2026-02-04,2228.2,1567.9,7106.57,2452.7,1338.7,9639.0,2019.6,963.3,437.34,2025.8,1326.7,429.23,1240.2,7277.5,294.15,2844.9,1621.8,953.1,722.5,964.95,2371.0,1408.4,4960.7,1535.8,313.85,268.0,1228.2,412.35,4087.1,3574.0,15071.0,1025.45,1296.2,364.5,260.81,286.19,1456.8,2038.87,1068.2,998.8,1693.4,1153.0,195.4,2999.1,1645.3,4144.0,375.45,4012.6,12806.0,233.34
2026-02-05,2236.6,1570.2,7112.56,2432.1,1330.6,9647.0,2000.1,964.75,431.06,1992.4,1333.3,426.22,1244.9,7209.5,286.85,2863.9,1610.0,949.7,720.7,935.45,2354.4,1396.5,4932.2,1520.2,310.2,269.95,1239.8,408.75,4063.3,3572.0,15059.0,1040.8,1296.5,364.25,263.01,286.14,1443.4,2015.0,1073.5,992.0,1702.6,1155.9,197.76,2991.5,1646.2,4097.6,374.15,4131.3,12773.0,233.39
2026-02-06,2226.4,1550.7,7143.02,2401.1,1341.6,9518.5,2024.2,981.7,427.83,2038.4,1330.0,427.15,1241.2,7177.5,283.55,2836.9,1593.7,941.1,703.5,942.55,2424.2,1406.1,4909.4,1507.1,325.8,268.1,1236.2,422.35,4068.1,3578.0,14997.0,1039.85,1303.3,365.05,262.77,289.5,1450.8,1993.93,1066.4,1002.5,1695.1,1159.3,197.06,2941.6,1619.9,4141.0,369.5,4113.8,12722.0,230.72
2026-02-09,2250.1,1561.7,7201.44,2417.4,1341.4,9590.0,2024.6,983.15,435.45,2038.2,1342.5,426.07,1275.5,7195.5,288.85,2926.3,1602.0,937.25,707.9,964.25,2435.0,1396.3,4964.1,1497.2,322.8,269.25,1245.0,428.8,4113.6,3609.6,14978.0,1010.0,1295.6,361.9,260.47,289.75,1461.6,2021.19,1146.0,1062.7,1704.6,1167.2,202.0,2948.2,1621.7,4257.8,377.4,4171.2,13048.0,230.08
2026-02-10,2228.4,1554.7,7209.43,2393.6,1356.7,9774.0,2027.9,965.6,435.45,2011.3,1342.1,425.33,1256.0,7296.0,303.8,2953.9,1573.1,932.4,703.95,968.9,2453.6,1406.5,4960.4,1497.8,321.4,270.2,1244.1,429.3,4169.0,3675.8,15146.0,1021.5,1308.6,366.9,265.89,294.35,1458.5,2015.5,1144.1,1048.6,1707.8,1152.2,208.01,2984.6,1644.6,4269.1,379.35,4184.4,13023.0,231.47
2026-02-11,2234.4,1553.4,7497.05,2392.5,1347.3,9869.5,2027.0,968.95,435.7,2012.1,1349.9,417.73,1270.3,7771.0,300.7,2932.6,1551.6,927.1,701.1,965.95,2462.9,1406.1,5013.8,1471.9,318.25,270.3,1249.2,429.55,4170.4,3674.9,15412.0,1055.15,1305.3,368.45,268.29,294.45,1468.7,2023.49,1182.9,1056.8,1711.1,1152.6,207.59,2909.8,1634.4,4249.1,384.7,4218.9,12969.0,229.81
2026-02-12,2211.8,1543.7,7529.0,2410.5,1340.0,9840.0,2037.1,999.1,442.02,2014.5,1330.0,413.68,1274.9,7943.0,298.0,2925.5,1476.1,920.6,702.7,964.4,2409.7,1430.0,4982.8,1386.0,317.45,267.55,1247.9,426.25,4185.9,3593.1,15326.0,1062.9,1305.5,368.25,270.0,293.9,1448.9,2019.29,1192.4,1082.8,1714.9,1149.3,208.11,2750.1,1536.6,4275.8,383.45,4285.6,13029.0,219.08
2026-02-13,2136.6,1519.0,7532.5,2366.4,1332.3,9760.0,2023.2,1024.75,433.7,2004.7,1331.5,403.61,1268.1,8065.0,285.2,2888.0,1455.2,903.9,696.8,909.0,2305.2,1414.6,4929.2,1369.1,313.75,263.95,1232.0,420.65,4173.9,3533.4,15237.0,1053.6,1282.6,363.0,261.25,287.2,1419.6,2031.38,1198.6,1065.8,1697.5,1132.2,203.18,2692.2,1534.4,4179.2,380.25,4252.0,12963.0,214.09
2026-02-16,2184.6,1540.1,7618.0,2397.2,1358.3,9697.5,2050.9,1012.75,436.14,2029.4,1356.4,416.99,1269.4,8010.5,286.6,2912.7,1461.8,925.8,703.9,907.45,2319.0,1411.6,4940.8,1365.6,317.95,262.55,1248.2,425.6,4201.5,3509.7,15051.0,1075.85,1289.8,369.1,265.31,300.5,1437.1,2039.56,1208.1,1085.4,1700.5,1139.2,205.81,2706.6,1512.7,4181.1,377.25,4229.5,12981.0,213.26
2026-02-17,2242.9,1566.3,7601.5,2437.4,1357.2,9826.5,2044.4,1014.15,444.96,2020.3,1343.9,416.05,1284.8,8035.0,281.5,2900.4,1482.6,925.7,705.8,890.1,2312.3,1407.5,4977.0,1391.2,325.45,262.3,1244.6,424.45,4279.8,3489.2,15179.0,1076.15,1285.3,368.4,265.6,300.75,1423.0,2036.67,1213.4,1075.0,1717.1,1148.5,203.08,2717.4,1523.8,4236.4,382.85,4171.9,12984.0,215.69
2026-02-18,2211.2,1550.8,7647.5,2432.1,1377.0,9980.0,2060.6,1023.8,445.8,2021.8,1349.8,418.0,1280.3,8009.5,277.35,2933.8,1467.2,924.7,729.6,899.25,2323.5,1408.2,4980.4,1373.7,332.45,264.1,1251.2,426.35,4325.9,3530.5,15164.0,1086.25,1300.9,368.4,264.6,300.55,1441.3,2056.74,1218.9,1076.2,1724.4,1169.7,209.03,2694.9,1504.8,4248.6,382.85,4187.2,13052.0,211.95
2026-02-19,2156.7,1513.3,7592.5,2400.8,1356.6,9729.0,2033.2,1017.05,433.5,1988.6,1328.9,416.15,1282.3,7897.0,271.75,2864.3,1450.4,915.6,733.15,905.65,2279.3,1388.8,4815.1,1370.5,326.0,258.6,1228.4,416.4,4280.5,3431.8,14903.0,1081.45,1278.5,363.2,274.65,294.65,1409.5,2040.16,1205.7,1054.7,1713.4,1160.5,205.41,2677.9,1479.3,4198.2,375.7,4067.9,12688.0,211.21
2026-02-20,2160.8,1511.5,7615.5,2428.1,1368.3,9807.0,2058.5,1030.2,439.28,1977.4,1341.1,423.55,1280.4,7936.5,269.45,2832.8,1436.5,911.85,728.65,935.7,2314.5,1394.5,4854.6,1353.2,327.0,258.6,1235.8,421.35,4380.6,3412.8,14977.0,1087.9,1293.8,372.95,278.65,298.95,1419.4,2077.11,1216.1,1059.3,1724.4,1156.2,208.36,2686.2,1456.9,4236.4,378.0,4091.0,12766.0,209.86
2026-02-23,2191.0,1555.8,7693.0,2429.7,1386.7,9905.5,2051.6,1031.0,437.89,1997.3,1326.5,426.0,1307.4,8038.5,268.0,2873.4,1426.2,923.6,742.45,916.2,2345.4,1399.4,4862.2,1327.5,325.4,257.8,1240.5,430.7,4418.1,3447.1,15072.0,1083.6,1315.1,375.45,275.65,303.35,1428.0,2106.67,1227.8,1064.7,1732.3,1171.8,208.14,2676.3,1440.9,4272.7,379.95,4054.9,12976.0,205.89
2026-02-24,2183.0,1555.4,7720.5,2413.1,1387.6,9829.0,2043.3,1023.55,433.21,1941.0,1326.7,430.95,1300.2,7929.0,254.0,2879.3,1339.2,910.5,734.75,922.85,2358.6,1384.8,4850.3,1275.5,323.5,255.25,1254.5,427.7,4259.2,3433.2,14926.0,1086.4,1320.0,382.75,276.5,304.8,1428.8,2080.01,1223.3,1061.7,1731.8,1178.0,209.13,2573.7,1345.4,4294.5,377.55,3931.3,12960.0,200.14
2026-02-25,2231.7,1528.7,7783.0,2416.4,1403.0,10097.0,2049.3,1021.05,437.44,1913.4,1346.1,438.6,1306.5,8008.0,250.2,2878.4,1378.2,907.6,735.25,937.4,2374.9,1400.5,4947.4,1290.1,319.75,256.95,1275.0,424.95,4298.5,3491.3,15070.0,1088.1,1323.4,384.9,277.45,307.25,1398.5,2070.72,1200.1,1085.9,1764.2,1172.3,214.64,2629.3,1361.8,4325.0,381.85,3922.0,13041.0,201.92
2026-02-26,2216.4,1550.6,7775.0,2394.9,1395.5,10110.0,2041.3,1012.95,447.15,1929.6,1358.1,433.5,1319.3,8190.0,246.5,2863.5,1373.5,898.6,734.0,941.3,2383.3,1404.9,4933.5,1289.1,318.3,256.15,1280.6,424.55,4286.5,3484.6,15213.0,1109.9,1318.0,381.9,280.1,303.25,1406.8,2079.91,1209.5,1104.6,1785.7,1159.5,215.52,2647.7,1361.8,4342.6,391.55,3856.0,12937.0,201.08
2026-02-27,2161.8,1521.0,7821.5,2376.2,1383.9,9972.5,1993.4,995.9,442.81,1879.3,1348.2,430.65,1286.3,8010.5,246.3,2799.8,1389.1,887.75,715.3,924.7,2338.1,1378.9,4827.2,1300.1,313.6,255.4,1264.7,415.2,4278.3,3397.4,14857.0,1091.95,1291.7,381.9,279.7,298.65,1393.9,2034.37,1201.7,1079.4,1737.0,1141.0,212.33,2637.4,1357.8,4327.5,382.65,3899.5,12677.0,200.96
2026-03-02,2124.6,1470.3,7791.5,2307.1,1372.3,9776.0,1941.9,978.25,452.03,1873.2,1351.6,426.25,1294.4,7826.0,242.87,2777.3,1371.0,879.4,707.3,940.0,2320.6,1374.0,4520.4,1288.9,314.9,249.0,1267.3,413.1,4066.7,3334.3,14388.0,1083.6,1279.7,377.55,282.2,296.8,1358.0,2029.38,1189.9,1052.5,1752.5,1125.2,211.01,2613.5,1345.4,4270.3,370.6,3848.5,12521.0,198.57
2026-03-04,2076.5,1434.4,7666.0,2285.2,1351.3,9652.5,1889.3,945.1,444.96,1905.9,1313.2,435.15,1291.2,7626.5,240.73,2683.2,1364.0,868.65,684.6,921.8,2261.3,1365.4,4392.9,1307.4,311.95,241.3,1213.0,403.35,3882.6,3264.3,14158.0,1053.7,1245.3,365.8,276.95,291.95,1345.0,1927.92,1174.5,1010.0,1750.5,1110.6,196.73,2587.8,1351.2,4204.4,351.2,3756.8,12107.0,195.55
2026-03-05,2089.2,1499.3,7775.0,2287.8,1349.1,9804.5,1911.8,962.4,458.05,1907.0,1326.4,449.4,1313.5,7755.0,240.14,2724.1,1354.1,877.75,684.3,954.95,2255.0,1357.6,4512.8,1305.8,311.5,243.1,1248.1,407.3,4038.7,3348.0,14415.0,1058.2,1250.9,378.05,276.35,299.45,1389.4,1942.3,1169.5,1039.5,1784.5,1119.1,200.57,2578.8,1333.3,4275.2,355.15,3790.9,12288.0,195.68
2026-03-06,2039.9,1477.5,7724.5,2279.5,1315.8,9816.0,1868.9,950.2,468.45,1870.8,1321.2,440.45,1303.8,7620.5,232.57,2718.4,1356.7,857.05,668.55,958.9,2225.7,1313.4,4404.1,1308.4,309.7,239.35,1233.7,399.8,3949.8,3332.5,14159.0,1042.0,1252.4,380.6,278.95,299.15,1404.8,1941.6,1143.0,1007.5,1799.4,1116.7,198.46,2557.6,1331.7,4244.6,350.75,3722.8,11987.0,195.4
2026-03-09,1999.2,1421.3,7779.0,2220.8,1288.3,9383.0,1841.5,938.05,457.35,1866.7,1325.0,437.65,1287.0,7266.0,229.56,2681.2,1358.6,840.7,653.75,945.35,2194.6,1278.4,4236.7,1315.0,306.0,232.25,1192.6,386.35,3842.1,3187.6,13508.0,1041.5,1235.8,376.25,270.8,295.2,1424.0,1912.5,1098.5,987.2,1807.4,1102.5,191.01,2527.4,1336.3,4159.2,332.0,3689.4,11378.0,198.75
2026-03-10,1996.5,1424.1,7803.0,2280.4,1314.7,9610.0,1867.8,939.8,463.35,1850.4,1333.5,443.55,1314.6,7536.5,226.62,2743.9,1361.5,849.45,656.1,956.6,2190.2,1311.9,4380.4,1295.6,309.05,236.0,1214.3,391.85,3876.0,3293.7,13867.0,1043.1,1241.2,377.3,269.2,298.65,1408.8,1963.7,1112.2,1062.9,1812.8,1099.5,195.0,2513.1,1336.6,4220.1,345.2,3715.3,11654.0,200.93
2026-03-11,1974.7,1410.8,7684.0,2232.0,1255.8,9327.5,1795.3,893.65,454.1,1807.0,1329.5,446.75,1325.5,7253.5,223.8,2735.6,1350.3,833.95,647.9,959.1,2161.4,1294.6,4350.7,1276.3,309.0,238.7,1178.8,383.2,3838.8,3168.2,13497.0,1032.2,1233.7,379.9,270.75,298.8,1390.2,1938.6,1091.1,1031.7,1825.9,1073.4,194.74,2464.9,1334.4,4140.3,335.35,3627.4,11462.0,202.23
2026-03-12,2002.0,1391.5,7574.5,2221.2,1234.5,9162.0,1770.8,863.1,453.55,1801.3,1324.3,470.1,1319.0,6975.5,221.17,2673.1,1358.1,832.75,645.7,969.75,2136.9,1266.5,4251.7,1265.8,304.1,242.2,1172.6,375.3,3719.5,3031.2,13011.0,1020.4,1220.8,390.55,270.55,303.6,1392.2,1939.4,1085.2,1031.7,1825.3,1057.8,193.47,2442.4,1349.8,4129.6,324.55,3533.6,11089.0,202.51
2026-03-13,1961.1,1363.2,7550.0,2196.8,1197.3,8875.0,1738.0,855.05,439.4,1803.4,1314.7,467.0,1292.3,6741.0,215.68,2568.6,1325.4,817.0,625.75,910.05,2160.0,1254.8,4158.2,1248.3,301.45,235.25,1119.3,366.85,3439.0,2931.1,12591.0,990.0,1202.2,384.45,264.1,300.95,1380.7,1904.4,1047.0,1003.6,1801.6,1083.6,183.51,2410.5,1332.8,4073.2,314.1,3487.8,10616.0,197.58
2026-03-16,1978.0,1373.9,7490.0,2217.7,1214.7,9073.0,1773.9,878.15,429.5,1788.8,1300.0,460.3,1276.9,6827.5,222.04,2654.4,1328.6,840.6,626.0,921.15,2175.7,1272.9,4222.1,1249.8,308.25,234.35,1145.6,369.85,3469.4,3036.1,12757.0,970.6,1213.4,382.4,260.45,297.75,1395.1,1909.2,1066.7,992.0,1783.2,1092.7,186.94,2409.2,1339.5,4090.8,314.4,3596.1,11099.0,195.11
2026-03-17,1975.4,1365.5,7500.0,2238.2,1228.1,9110.0,1774.7,868.6,439.35,1827.0,1281.9,462.25,1283.8,6910.0,234.63,2683.3,1321.1,845.35,642.3,936.65,2158.2,1288.7,4287.9,1232.9,304.85,237.6,1167.2,374.2,3542.8,3128.9,12972.0,976.4,1206.9,383.35,264.75,298.5,1397.6,1932.1,1064.7,1004.6,1794.4,1078.0,195.43,2391.7,1341.8,4090.5,319.2,3634.5,11116.0,191.32
2026-03-18,2007.2,1401.9,7471.0,2262.1,1253.2,9271.0,1791.8,880.1,442.6,1855.4,1268.5,455.2,1294.8,7027.5,242.54,2723.1,1357.2,843.05,643.35,933.05,2135.3,1289.3,4360.6,1267.1,304.05,248.2,1180.3,375.4,3607.9,3214.6,13048.0,979.8,1204.8,378.5,265.0,299.4,1408.1,1962.5,1069.8,1021.6,1778.3,1075.1,195.41,2440.8,1385.2,4145.5,324.75,3640.9,11247.0,194.3
2026-03-19,1936.8,1356.0,7252.0,2186.0,1207.0,8868.5,1714.9,832.2,430.8,1827.0,1239.2,454.2,1274.5,6793.0,228.74,2607.9,1311.8,798.2,633.5,897.05,2077.3,1250.1,4154.3,1220.8,298.0,239.45,1130.9,368.15,3434.5,3045.4,12599.0,953.1,1186.3,374.05,269.1,296.7,1384.8,1903.1,1048.9,949.8,1744.4,1044.6,190.51,2356.0,1340.6,4037.9,309.3,3481.9,10814.0,188.41
2026-03-20,1927.1,1365.4,7364.5,2195.4,1203.9,9051.0,1710.3,830.55,426.1,1846.1,1256.4,468.15,1298.9,6909.0,232.29,2616.3,1333.7,780.45,623.65,874.25,2082.7,1245.4,4149.1,1255.9,299.95,239.3,1169.6,366.75,3434.8,3066.1,12601.0,964.8,1193.6,380.95,265.4,297.6,1414.4,1896.9,1058.0,938.6,1777.1,1050.2,196.77,2390.6,1384.8,4106.6,314.1,3559.6,10934.0,190.9
2026-03-23,1833.0,1303.6,7145.0,2121.3,1170.6,8776.0,1675.5,812.6,405.5,1795.9,1221.8,455.25,1253.3,6681.5,226.96,2531.1,1358.6,744.15,592.1,840.25,2052.2,1222.7,3945.3,1256.8,290.45,226.1,1109.6,356.55,3342.4,2955.8,12355.0,956.9,1166.8,372.4,265.45,302.1,1407.8,1832.3,1031.9,877.7,1758.4,1023.6,187.17,2383.8,1384.0,3853.1,305.25,3356.7,10362.0,187.54
2026-03-24,1817.9,1344.2,7413.0,2217.3,1192.7,8898.0,1704.4,849.0,414.45,1802.1,1219.4,442.1,1259.6,6871.0,237.94,2549.4,1373.3,764.9,603.0,854.65,2085.0,1251.2,4150.8,1278.3,291.25,232.7,1133.7,366.85,3516.8,3031.3,12464.0,969.2,1183.2,375.55,268.05,299.0,1411.8,1836.0,1030.8,903.6,1753.3,1053.1,190.79,2398.8,1432.7,3899.5,311.2,3365.6,10764.0,188.74
2026-03-25,1886.6,1375.9,7580.5,2270.2,1222.1,9048.5,1746.2,882.75,413.45,1834.9,1244.4,443.7,1300.7,6992.5,242.18,2647.8,1381.3,782.3,612.9,868.65,2134.8,1259.7,4294.7,1279.1,295.7,237.35,1156.0,371.1,3649.3,3128.1,12711.0,988.2,1204.1,378.4,270.2,295.0,1413.1,1851.8,1060.6,956.0,1795.4,1056.1,196.65,2377.4,1408.5,4039.3,317.95,3478.9,11204.0,189.05
